{"cameraMode":{"drawMode":0,"name":"Shaded","section":"Shading Mode"},"sceneLighting":true,"audioPlay":false,"sceneViewState":{"showFog":false,"showMaterialUpdate":false,"showSkybox":false,"showFlares":false,"showImageEffects":false,"showParticleSystems":false},"in2DMode":false,"pivot":{"x":5.395451068878174,"y":10.457723617553711,"z":0.4676249921321869},"rotation":{"x":-0.34986668825149538,"y":0.6093710064888,"z":-0.3415723443031311,"w":-0.6241703033447266},"size":9.004814147949219,"orthographic":false}