{"cameraMode":{"drawMode":0,"name":"Shaded","section":"Shading Mode"},"sceneLighting":true,"audioPlay":false,"sceneViewState":{"showFog":false,"showMaterialUpdate":false,"showSkybox":false,"showFlares":false,"showImageEffects":false,"showParticleSystems":false},"in2DMode":false,"pivot":{"x":5.039549350738525,"y":6.430858612060547,"z":1.0956199169158936},"rotation":{"x":-0.21560168266296388,"y":0.6126558780670166,"z":-0.17870987951755525,"w":-0.7390747666358948},"size":4.547024250030518,"orthographic":false}